19212009,WhoWhatWear,2101444,1594
228379737,thecoveteur,155119,2766
64822927,sea_of_shoes,101586,570
17475920,BagSnob,165187,888
21190774,tuulavintage,38864,415
17809182,MattiasSwenson,8124,119
90963591,SincerelyJules,56593,436
24190981,TeenVogue,2588637,2819
73359920,MaisonValentino,1656069,975
15090453,gerihirsch,16550,384
16271952,RebeccaMinkoff,764630,2667
437086963,31philliplim,64710,373
109702885,marcjacobs,5985153,1529
16945578,garancedore,498177,161
35443315,stylescrapbook,70149,545
20779908,carolinaengman,42171,107
22582248,parkncube,14841,1643
136361303,voguemagazine,10926070,534
18307364,shopbop,213849,903
20298371,AIMEESONG,62365,359