21401466,VogueRunway,1606965,637
21208444,BarneysNY,460652,2338
19546942,Refinery29,1110166,1362
183016276,IntoTheGloss,140527,1421
24599923,alexa_chung,1570906,429
92577188,evachen212,137508,564
141598384,ManRepeller,357488,342
7092102,bryanboy,589942,2443
204491797,neimanmarcus,370009,1665
28726228,theglamourai,60186,464
24597041,HanneliM,61094,412
19390810,NETAPORTER,828986,1663
16935734,susiebubble,277363,3942
32469566,harpersbazaarus,1483098,845
49072254,MrStreetPeeper,28534,414
25906700,GalaGonzalez,84466,977
38527593,_lefashion_,15820,659
250314584,JBrandJeans,67042,743
33587619,peaceloveSHEA,28809,441
137025232,elinkling,32465,3
